{
    "rmse": 0.35154434726941863,
    "mae": 0.2883428094505784,
    "r2": 0.5051976434319017
}